id,loan_amnt,funded_amnt,funded_amnt_inv,term,int_rate,installment,grade,sub_grade,emp_length,home_ownership,annual_inc,verification_status,loan_status,pymnt_plan,purpose
sdv-id-HULhdj,19689.0,3078.0,16482.781718471884, 36 months,16.89,469.63,B,F2,2 years,OWN,83184.44,Source Verified,Current,n,small_business
sdv-id-OwBLoh,27370.0,1000.0,1103.5232283701062, 36 months,12.62,169.18,C,C5,8 years,OWN,98549.51,Source Verified,Late (31-120 days),n,debt_consolidation
sdv-id-QOahYK,1000.0,15349.0,16627.294242832082, 36 months,12.58,895.67,A,A5,8 years,RENT,32729.65,Not Verified,Fully Paid,n,debt_consolidation
sdv-id-pbjpOi,19386.0,13182.0,36642.03897805804, 36 months,10.93,235.84,B,B2,6 years,MORTGAGE,60237.64,Verified,Charged Off,n,debt_consolidation
sdv-id-EXOFIY,3410.0,19957.0,903.3833518009405, 36 months,30.99,342.81,D,B1,1 year,MORTGAGE,47120.2,Not Verified,Late (31-120 days),n,home_improvement
sdv-id-nAkwuQ,18068.0,10015.0,37469.25636509567, 60 months,30.23,486.19,F,F2,4 years,OWN,114590.56,Not Verified,Current,n,debt_consolidation
sdv-id-OgJbSt,1827.0,1000.0,28871.961156689264, 36 months,16.23,301.61,D,E3,7 years,MORTGAGE,46209.46,Verified,Charged Off,y,debt_consolidation
sdv-id-jHsCOP,8672.0,27380.0,27314.37923029552, 60 months,30.99,285.7,D,B5,< 1 year,OWN,40094.89,Verified,Current,n,credit_card
sdv-id-ERqXPb,1451.0,11804.0,30394.749150310734, 36 months,18.18,65.71,A,C1,5 years,RENT,111573.39,Not Verified,Fully Paid,n,wedding
sdv-id-NITJVw,17874.0,8848.0,5557.159303806211, 36 months,17.78,1275.33,E,C5,10+ years,RENT,20956.23,Not Verified,Current,n,home_improvement
sdv-id-HJRYfe,18087.0,2928.0,0.0, 36 months,17.24,291.46,C,C5,5 years,OWN,64932.78,Not Verified,Fully Paid,n,home_improvement
sdv-id-lTMBrO,40000.0,32845.0,5501.126125769376, 36 months,16.57,352.19,B,A4,10+ years,OWN,109030.03,Source Verified,Charged Off,y,debt_consolidation
sdv-id-MsDwOC,38158.0,26097.0,803.9300479087974, 36 months,11.71,777.12,A,B4,10+ years,RENT,47915.84,Source Verified,Does not meet the credit policy. Status:Fully Paid,n,debt_consolidation
sdv-id-QCHNHH,37428.0,22825.0,3993.095970236509, 36 months,9.8,476.03,B,D1,1 year,OWN,15095.22,Verified,Does not meet the credit policy. Status:Fully Paid,n,debt_consolidation
sdv-id-dEnZVi,9897.0,28882.0,7222.671943681611, 36 months,20.68,22.24,C,A5,10+ years,MORTGAGE,91362.81,Verified,Current,n,debt_consolidation
sdv-id-xzZnrf,20099.0,14533.0,33981.61327434274, 36 months,18.04,160.66,A,B5,10+ years,OWN,28912.93,Verified,Current,n,credit_card
sdv-id-dHpTPo,1000.0,24948.0,2677.6211558581917, 36 months,17.67,22.24,F,G2,< 1 year,RENT,103996.47,Not Verified,Charged Off,n,debt_consolidation
sdv-id-jTYHtE,19516.0,24733.0,2423.108411946622, 60 months,26.07,328.75,D,G2,10+ years,RENT,133243.52,Verified,Fully Paid,n,credit_card
sdv-id-fJyDVe,16511.0,33062.0,11481.4327784528, 36 months,21.18,849.64,B,A4,10+ years,MORTGAGE,68307.83,Verified,Charged Off,n,debt_consolidation
sdv-id-HzASzJ,14208.0,14467.0,4120.535209851878, 36 months,14.95,399.3,D,B1,9 years,RENT,28858.13,Verified,Charged Off,n,small_business
sdv-id-bZupmZ,5297.0,1000.0,21651.542623715184, 36 months,30.99,914.64,C,G3,3 years,MORTGAGE,52965.16,Source Verified,Charged Off,n,other
sdv-id-oytbgQ,3855.0,2662.0,12867.573760450157, 36 months,11.3,109.62,C,G2,10+ years,MORTGAGE,54552.24,Source Verified,Fully Paid,n,moving
sdv-id-njhDbE,9036.0,32896.0,13631.042034692258, 60 months,18.61,165.51,F,C2,10+ years,RENT,104502.94,Verified,Fully Paid,n,home_improvement
sdv-id-LABAal,16938.0,22583.0,16208.902372360923, 36 months,29.37,26.27,B,C1,10+ years,MORTGAGE,71019.73,Source Verified,Charged Off,n,vacation
sdv-id-iontDl,20931.0,31225.0,1529.6937696414643, 36 months,13.09,203.7,D,A3,5 years,RENT,112439.89,Verified,Fully Paid,n,debt_consolidation
sdv-id-MDAuzM,4422.0,1000.0,13818.272718889899, 60 months,16.58,934.1,G,A2,10+ years,MORTGAGE,35886.69,Not Verified,Charged Off,n,other
sdv-id-JPzyVd,1000.0,2868.0,15168.328462674703, 60 months,12.61,323.77,C,C5,10+ years,OWN,262800.17,Not Verified,Current,n,car
sdv-id-azuEhv,8186.0,6128.0,12275.94669983062, 60 months,10.02,44.97,A,B3,8 years,MORTGAGE,61487.44,Verified,Charged Off,n,credit_card
sdv-id-EtsGgR,14655.0,14338.0,8099.687697231753, 60 months,17.36,348.84,G,E4,1 year,RENT,54027.34,Source Verified,Fully Paid,n,debt_consolidation
sdv-id-ZrPFUD,12139.0,19257.0,25140.72849036052, 36 months,18.79,283.93,F,C5,10+ years,MORTGAGE,66538.33,Verified,Late (16-30 days),n,debt_consolidation
sdv-id-pWeOej,6008.0,11025.0,14778.436822564729, 36 months,8.86,22.24,C,C3,10+ years,MORTGAGE,76867.59,Source Verified,Fully Paid,n,debt_consolidation
sdv-id-pBiTLb,19187.0,25551.0,1487.5810478949015, 36 months,14.62,1126.66,C,F1,10+ years,OWN,32445.09,Verified,Current,n,house
sdv-id-rQOJQD,14357.0,13733.0,14819.399702878085, 60 months,10.26,958.61,B,B5,3 years,MORTGAGE,48769.06,Source Verified,Current,n,debt_consolidation
sdv-id-iRcKfl,16228.0,1000.0,16164.735481057673, 36 months,18.48,143.63,D,A2,10+ years,MORTGAGE,18837.2,Not Verified,Charged Off,n,debt_consolidation
sdv-id-DfjPzC,9476.0,23565.0,16061.273473772493, 36 months,17.12,451.11,A,C5,2 years,MORTGAGE,91154.11,Verified,Charged Off,y,debt_consolidation
sdv-id-KFpCvK,2606.0,26323.0,7780.508561158437, 36 months,20.48,401.76,E,D1,6 years,OWN,35805.26,Verified,Fully Paid,y,debt_consolidation
sdv-id-qPPbxM,15794.0,1000.0,23486.15947794009, 60 months,10.92,300.99,A,E3,6 years,RENT,28603.52,Source Verified,Late (31-120 days),n,debt_consolidation
sdv-id-XXaBmK,16022.0,6529.0,7310.473573387865, 36 months,13.53,407.38,C,B2,2 years,RENT,19880.96,Source Verified,Fully Paid,n,debt_consolidation
sdv-id-mMTShS,8131.0,23591.0,10705.951755179873, 36 months,11.97,897.41,C,A4,9 years,RENT,80284.71,Verified,Fully Paid,n,car
sdv-id-kKUrut,16710.0,22544.0,15401.367457700517, 60 months,7.08,358.4,C,G1,10+ years,OWN,106939.4,Source Verified,Late (31-120 days),n,wedding
sdv-id-tjFhth,18507.0,3766.0,2142.3376758049294, 36 months,18.23,449.74,A,D2,9 years,MORTGAGE,252252.17,Verified,Current,n,small_business
sdv-id-AObiGU,11297.0,29560.0,18956.301019369697, 36 months,9.05,290.67,C,B3,3 years,RENT,82801.28,Source Verified,Current,n,car
sdv-id-FYsYcC,13575.0,1000.0,8356.072794141392, 36 months,15.72,340.66,D,C5,2 years,RENT,69078.53,Not Verified,Does not meet the credit policy. Status:Charged Off,n,debt_consolidation
sdv-id-nhgHHu,11234.0,14127.0,40000.0, 60 months,30.99,517.96,D,A5,9 years,RENT,38936.69,Not Verified,Late (16-30 days),n,debt_consolidation
sdv-id-BPtboL,20604.0,21611.0,19500.009782241046, 36 months,12.69,393.73,A,C2,8 years,MORTGAGE,32304.93,Source Verified,Current,n,debt_consolidation
sdv-id-kjilFz,20414.0,1000.0,31389.34817960071, 36 months,22.34,226.97,E,B5,2 years,MORTGAGE,70960.76,Not Verified,Charged Off,y,debt_consolidation
sdv-id-Fuzsrc,5247.0,22457.0,16065.396406445154, 36 months,18.68,220.85,F,B3,5 years,MORTGAGE,52984.44,Not Verified,Charged Off,n,other
sdv-id-qYEFHp,16680.0,13333.0,0.0, 36 months,22.36,279.14,C,B5,3 years,OWN,30097.08,Source Verified,Fully Paid,n,debt_consolidation
sdv-id-fUuVss,30662.0,23077.0,29839.32981157898, 36 months,20.81,430.92,C,E4,8 years,RENT,116947.48,Verified,Current,n,house
sdv-id-EEunFt,6023.0,4449.0,11765.486165650216, 36 months,21.32,66.14,A,C5,2 years,RENT,73932.57,Not Verified,Current,n,other
sdv-id-McnUZk,2974.0,16282.0,13624.353437587099, 36 months,12.48,316.68,B,B5,10+ years,RENT,59531.0,Source Verified,Current,n,debt_consolidation
sdv-id-yDpchy,9901.0,16829.0,772.9882967961639, 36 months,19.76,305.42,C,E3,2 years,RENT,71740.28,Not Verified,Charged Off,n,other
sdv-id-wPSOaO,10814.0,13471.0,33441.728244217404, 36 months,16.62,454.81,B,B4,6 years,MORTGAGE,64652.58,Source Verified,Fully Paid,n,credit_card
sdv-id-hMBHoP,8368.0,32789.0,470.65804381222915, 60 months,17.5,1084.56,C,C3,10+ years,RENT,52005.86,Not Verified,Fully Paid,n,debt_consolidation
sdv-id-CFkCVr,14090.0,28805.0,14079.736744618447, 36 months,21.08,22.24,C,B1,10+ years,MORTGAGE,116014.54,Verified,Charged Off,n,debt_consolidation
sdv-id-hxYmzE,3432.0,24515.0,4685.543586470603, 60 months,16.57,495.19,B,A5,8 years,OWN,60184.64,Verified,Late (31-120 days),n,major_purchase
sdv-id-OdXTTY,12888.0,24223.0,17810.041273748888, 60 months,13.91,426.39,C,A1,10+ years,OWN,246927.91,Verified,Fully Paid,n,debt_consolidation
sdv-id-LkYgCg,15438.0,5410.0,32501.087646915137, 60 months,13.15,498.53,E,D5,2 years,RENT,18845.75,Source Verified,Current,n,debt_consolidation
sdv-id-hlwmea,17615.0,22947.0,17448.81881959935, 36 months,9.9,22.24,C,B3,6 years,MORTGAGE,112252.74,Source Verified,Late (31-120 days),n,debt_consolidation
sdv-id-ocnWbz,26490.0,2218.0,3275.590984864018, 60 months,11.03,374.17,D,F4,5 years,MORTGAGE,215476.64,Verified,Current,n,debt_consolidation
sdv-id-VPeRwZ,20492.0,1000.0,16242.710838530109, 36 months,28.62,753.64,B,E4,6 years,RENT,88756.89,Source Verified,Charged Off,n,debt_consolidation
sdv-id-MtgoLj,16916.0,3492.0,15912.045896704623, 36 months,8.87,651.46,A,C4,10+ years,MORTGAGE,100400.44,Not Verified,Fully Paid,n,debt_consolidation
sdv-id-QtvDdU,17893.0,1847.0,3794.9741150070977, 36 months,29.63,340.33,A,F1,1 year,MORTGAGE,37030.98,Verified,Fully Paid,n,vacation
sdv-id-rnNYkY,4044.0,14533.0,27947.39039480332, 36 months,18.54,332.85,E,D1,10+ years,RENT,52691.82,Verified,Current,n,debt_consolidation
sdv-id-fLEVzI,16509.0,29341.0,39311.087751958505, 36 months,13.84,582.55,D,D2,6 years,RENT,107344.47,Verified,Charged Off,n,debt_consolidation
sdv-id-iXCSWv,13959.0,16830.0,16044.741533723025, 36 months,9.74,22.24,C,C5,10+ years,RENT,78531.78,Source Verified,Current,n,debt_consolidation
sdv-id-wWqBUF,20740.0,17887.0,9746.07126677449, 36 months,25.2,26.45,C,C2,10+ years,MORTGAGE,63127.61,Not Verified,Current,n,car
sdv-id-TlVuoO,3337.0,22189.0,8954.73855376761, 36 months,21.85,315.5,A,E2,8 years,OWN,53281.63,Not Verified,Charged Off,n,debt_consolidation
sdv-id-jSEhBZ,5333.0,12957.0,22052.575386923432, 36 months,19.34,464.15,D,D5,4 years,OWN,70882.9,Source Verified,Current,n,debt_consolidation
sdv-id-DpQQWP,19469.0,17922.0,13353.797761149503, 36 months,16.39,693.37,A,C2,2 years,ANY,146010.88,Source Verified,Charged Off,n,credit_card
sdv-id-DvnJMe,2551.0,13403.0,7968.4203422702885, 60 months,30.99,290.24,B,B5,8 years,OWN,105621.78,Verified,Charged Off,y,debt_consolidation
sdv-id-WGSHEU,1000.0,13986.0,19225.548727444093, 36 months,30.99,556.72,A,C5,10+ years,OWN,33785.09,Not Verified,Charged Off,n,debt_consolidation
sdv-id-LVbLmV,19294.0,24158.0,14631.28356837168, 36 months,16.29,697.15,D,C3,1 year,MORTGAGE,39850.82,Verified,Charged Off,n,debt_consolidation
sdv-id-smRiqD,14484.0,2203.0,6688.9807026966, 36 months,16.89,22.24,B,C2,10+ years,MORTGAGE,62701.38,Not Verified,Charged Off,n,debt_consolidation
sdv-id-nsYvsE,8770.0,23194.0,17870.90742165656, 36 months,11.91,379.57,D,C5,1 year,RENT,73534.95,Verified,Current,n,car
sdv-id-suQJYU,16833.0,19438.0,25070.84499187028, 36 months,30.99,490.22,A,B5,3 years,MORTGAGE,40449.02,Not Verified,Fully Paid,n,debt_consolidation
sdv-id-gQTwrL,21115.0,1000.0,29632.00389250336, 36 months,21.1,703.78,E,B5,8 years,MORTGAGE,66026.18,Verified,Fully Paid,n,debt_consolidation
sdv-id-QpLaJc,21162.0,24431.0,4522.380416086609, 60 months,15.95,411.66,B,A1,9 years,MORTGAGE,54210.66,Not Verified,Late (16-30 days),n,debt_consolidation
sdv-id-ITitcI,18821.0,3905.0,31830.208447686935, 60 months,30.99,1025.63,C,C2,6 years,MORTGAGE,31977.95,Source Verified,Current,n,credit_card
sdv-id-htMxBG,3047.0,21949.0,15861.01741615053, 36 months,20.12,480.86,C,B2,10+ years,MORTGAGE,26381.15,Verified,Late (31-120 days),n,credit_card
sdv-id-wXAGUQ,8109.0,15083.0,40000.0, 36 months,17.16,404.62,D,G1,4 years,MORTGAGE,43817.49,Source Verified,Fully Paid,n,debt_consolidation
sdv-id-HuIHIu,17558.0,19119.0,9201.294824977816, 36 months,18.59,127.07,C,C4,< 1 year,RENT,29631.54,Not Verified,Charged Off,n,credit_card
sdv-id-BlqjSB,12752.0,1000.0,16521.502190334177, 60 months,15.67,68.96,C,A3,4 years,OWN,57365.12,Source Verified,Fully Paid,n,home_improvement
sdv-id-uxDDXy,4262.0,22308.0,22546.73427743653, 36 months,7.18,203.79,F,A2,4 years,MORTGAGE,159206.47,Source Verified,Charged Off,n,debt_consolidation
sdv-id-OPyHTQ,6073.0,18608.0,11763.339435712573, 36 months,11.93,686.98,C,C5,6 years,MORTGAGE,30338.82,Source Verified,Fully Paid,n,credit_card
sdv-id-PwjEPQ,6628.0,14748.0,6767.735031107149, 36 months,14.44,481.94,G,C1,7 years,RENT,32331.09,Not Verified,Late (31-120 days),n,debt_consolidation
sdv-id-BDwnKc,22296.0,26050.0,8175.44673298636, 36 months,14.19,516.03,A,B5,5 years,MORTGAGE,36069.15,Not Verified,Current,n,debt_consolidation
sdv-id-RzedXv,10251.0,17874.0,10954.71766804302, 36 months,17.19,500.31,A,B5,10+ years,OWN,122585.14,Not Verified,Late (31-120 days),n,debt_consolidation
sdv-id-LvPAOS,5026.0,6582.0,10627.174879407685, 60 months,11.46,22.24,B,A5,1 year,MORTGAGE,73911.06,Verified,Late (31-120 days),n,other
sdv-id-ReMpKM,14890.0,1000.0,15038.162510014114, 36 months,19.63,211.33,D,E1,10+ years,OWN,39777.55,Not Verified,Charged Off,n,other
sdv-id-dwbHdz,6186.0,28178.0,13957.327233116184, 36 months,12.84,211.7,C,B5,6 years,RENT,88492.95,Source Verified,Fully Paid,n,major_purchase
sdv-id-hSmLDQ,16611.0,14631.0,26245.16876533952, 36 months,17.3,217.09,A,A5,1 year,OWN,17444.4,Verified,Fully Paid,n,debt_consolidation
sdv-id-ObqSYa,17713.0,1181.0,21513.959640957983, 60 months,19.13,140.82,C,A1,10+ years,OWN,43996.73,Source Verified,Charged Off,n,debt_consolidation
sdv-id-bljmno,16918.0,24401.0,8534.24193971329, 36 months,20.87,678.58,E,B2,7 years,RENT,131184.63,Source Verified,Current,n,debt_consolidation
sdv-id-YYbreg,27365.0,17677.0,9827.617015456035, 36 months,12.93,794.96,B,B1,10+ years,OWN,46005.39,Source Verified,Fully Paid,n,debt_consolidation
sdv-id-FeFXnx,19729.0,13977.0,11534.195276257937, 36 months,11.4,154.88,D,C3,9 years,RENT,22724.86,Not Verified,Fully Paid,n,other
sdv-id-vLITla,2471.0,13510.0,20600.64378436382, 36 months,16.0,175.4,A,D1,9 years,MORTGAGE,92642.55,Source Verified,Current,n,debt_consolidation
sdv-id-PwHnEK,22200.0,14176.0,14935.579966420162, 36 months,17.64,171.6,B,C5,10+ years,OWN,47468.86,Verified,Current,n,house
sdv-id-OaXVrq,19808.0,23218.0,21327.084721483712, 36 months,9.82,373.72,E,A4,6 years,RENT,58827.73,Source Verified,Charged Off,n,credit_card
sdv-id-CSkTEC,17364.0,1000.0,0.0, 36 months,13.11,374.66,F,B2,10+ years,RENT,22343.18,Not Verified,Fully Paid,n,debt_consolidation
sdv-id-eAFZxZ,9007.0,13390.0,25676.965304140187, 36 months,6.32,588.73,A,B2,10+ years,OWN,45124.89,Not Verified,Current,n,debt_consolidation
sdv-id-IByrDE,11300.0,6292.0,32444.88532347824, 36 months,6.08,484.5,C,A1,9 years,ANY,67829.64,Source Verified,Late (31-120 days),n,debt_consolidation
sdv-id-MyrSrt,2271.0,24888.0,31536.31662998765, 36 months,9.32,22.24,F,C5,1 year,MORTGAGE,45354.5,Not Verified,Charged Off,n,debt_consolidation
sdv-id-LoqeME,2716.0,2669.0,3866.3835138832533, 36 months,20.92,292.52,F,A1,5 years,MORTGAGE,84408.28,Not Verified,Charged Off,n,debt_consolidation
sdv-id-HeIkON,5707.0,6111.0,11442.340142474193, 36 months,30.99,396.76,C,C2,8 years,OWN,155592.2,Verified,Fully Paid,n,debt_consolidation
sdv-id-rIwtOc,9854.0,17837.0,12365.681137207623, 60 months,17.28,22.24,D,C2,2 years,MORTGAGE,65829.07,Source Verified,Fully Paid,n,debt_consolidation
sdv-id-BMMktO,23338.0,4101.0,15577.418479411455, 36 months,18.47,308.05,B,C2,10+ years,OWN,29743.37,Not Verified,Charged Off,n,debt_consolidation
sdv-id-FDMIpy,10383.0,22941.0,14041.27705491918, 60 months,14.04,480.03,D,B3,1 year,OWN,127433.91,Source Verified,Fully Paid,n,debt_consolidation
sdv-id-Vusuuh,10823.0,24365.0,32087.707399357525, 36 months,9.79,526.62,D,C5,2 years,MORTGAGE,44727.44,Source Verified,Charged Off,n,debt_consolidation
sdv-id-yHVIhH,15936.0,21429.0,9658.682955836372, 36 months,30.33,203.19,C,B1,6 years,MORTGAGE,271044.87,Not Verified,In Grace Period,n,renewable_energy
sdv-id-PUTgGa,2449.0,13887.0,12601.617721717037, 36 months,10.52,916.88,B,F3,5 years,MORTGAGE,39265.5,Not Verified,Current,n,medical
sdv-id-xVdxiv,13582.0,15964.0,773.3718795873183, 36 months,14.23,254.66,B,F5,10+ years,MORTGAGE,53000.21,Not Verified,Fully Paid,n,small_business
sdv-id-EhiUuT,15436.0,24907.0,3889.379459275993, 36 months,13.63,620.45,B,F4,5 years,NONE,48745.19,Not Verified,Fully Paid,n,debt_consolidation
sdv-id-oDEeGF,20947.0,19788.0,8076.418286951104, 60 months,20.45,1068.26,C,A4,6 years,OWN,81917.27,Not Verified,Current,y,other
sdv-id-CUeHxK,7053.0,14619.0,15764.539764988367, 36 months,30.99,545.83,G,D2,1 year,OWN,244078.28,Source Verified,Fully Paid,n,debt_consolidation
sdv-id-ZQtQWC,8078.0,22594.0,34776.89735357871, 36 months,21.15,397.12,E,F3,7 years,OWN,37570.28,Source Verified,Current,n,debt_consolidation
sdv-id-VYpMCA,18460.0,1000.0,23800.8103415193, 36 months,19.46,341.63,A,A4,6 years,OWN,131412.2,Not Verified,Fully Paid,n,credit_card
sdv-id-fQelFn,36223.0,24207.0,39574.671201621844, 36 months,19.36,196.55,F,F4,< 1 year,MORTGAGE,11433.47,Verified,Charged Off,n,medical
sdv-id-vDqJat,20012.0,26158.0,15549.37848778421, 36 months,21.8,382.01,A,A4,2 years,MORTGAGE,66119.95,Verified,Current,n,debt_consolidation
sdv-id-SiJwqR,2418.0,29051.0,26589.022731226636, 36 months,10.68,558.57,D,B4,10+ years,OWN,58146.59,Not Verified,Fully Paid,n,other
sdv-id-kLAweA,20698.0,1815.0,2202.513355958257, 60 months,23.77,340.66,B,C3,10+ years,OWN,81443.1,Source Verified,Charged Off,n,other
sdv-id-mnvIqj,1000.0,22524.0,8140.010450499714, 36 months,24.66,638.05,A,B4,2 years,MORTGAGE,55184.93,Not Verified,Fully Paid,n,debt_consolidation
sdv-id-XQgaly,3938.0,3290.0,29427.46091212012, 36 months,30.99,371.07,A,E2,< 1 year,RENT,26373.99,Source Verified,Fully Paid,n,wedding
sdv-id-RNlzoS,4326.0,14040.0,13415.417422156957, 36 months,10.6,1025.79,C,B1,8 years,OWN,59269.19,Not Verified,Current,y,debt_consolidation
sdv-id-yFuNkS,10485.0,2585.0,4404.143027629512, 36 months,30.99,445.54,D,C5,2 years,MORTGAGE,106497.01,Not Verified,Charged Off,n,home_improvement
sdv-id-XAfiqw,35766.0,3548.0,5528.403988454696, 36 months,14.42,418.51,B,C5,10+ years,MORTGAGE,50979.38,Verified,Fully Paid,n,debt_consolidation
sdv-id-zFCCZh,4900.0,13661.0,20216.51351893463, 36 months,21.09,581.19,F,E1,5 years,ANY,272104.98,Source Verified,Current,n,debt_consolidation
sdv-id-aRMNGv,17372.0,13977.0,16870.41885405299, 60 months,23.05,541.27,C,B5,5 years,MORTGAGE,100606.78,Not Verified,Fully Paid,n,debt_consolidation
sdv-id-mvWakN,3338.0,14467.0,10534.026052557088, 60 months,30.99,577.16,D,D3,1 year,OWN,43129.56,Not Verified,Fully Paid,n,debt_consolidation
sdv-id-EkfsWg,14139.0,22669.0,4915.866117739678, 36 months,13.31,406.2,C,C5,10+ years,OWN,55313.23,Source Verified,Current,n,other
sdv-id-vcVhOB,9974.0,18023.0,13874.378557807748, 36 months,11.54,548.11,C,C4,10+ years,OWN,77546.53,Source Verified,Current,y,debt_consolidation
sdv-id-MnEeZn,6986.0,24332.0,3624.3161986328378, 36 months,18.42,589.3,C,F4,10+ years,OWN,41374.21,Verified,Fully Paid,n,debt_consolidation
sdv-id-SuygzF,18336.0,16845.0,18189.852701113374, 60 months,12.29,416.51,B,G3,2 years,MORTGAGE,64705.34,Source Verified,Fully Paid,n,home_improvement
sdv-id-rvpgkB,36158.0,1000.0,33112.54023544667, 36 months,30.85,370.58,A,B2,6 years,RENT,101939.45,Not Verified,Does not meet the credit policy. Status:Charged Off,n,small_business
sdv-id-FLteWx,16354.0,2603.0,16497.539503738364, 36 months,18.19,169.78,D,E3,4 years,RENT,51120.63,Verified,Current,n,debt_consolidation
sdv-id-Qvowix,37721.0,25041.0,40000.0, 60 months,27.76,333.09,A,G3,10+ years,RENT,67575.17,Source Verified,Current,n,debt_consolidation
sdv-id-gZLMjX,14956.0,27468.0,9652.500140011294, 36 months,21.84,111.65,D,D3,10+ years,MORTGAGE,81288.83,Verified,Fully Paid,n,medical
sdv-id-lblTaw,20123.0,23231.0,22951.941036746284, 36 months,12.17,275.18,D,A5,10+ years,MORTGAGE,153704.83,Source Verified,Fully Paid,n,debt_consolidation
sdv-id-KVNTZB,7350.0,26039.0,16829.87565298132, 36 months,30.99,227.31,E,B4,10+ years,OWN,375772.16,Verified,Fully Paid,y,other
sdv-id-TvUYxt,13474.0,11734.0,3544.9917440901004, 36 months,13.3,441.49,A,B1,2 years,MORTGAGE,65996.02,Not Verified,Fully Paid,n,other
sdv-id-DlgGFp,17311.0,22351.0,12481.708498816717, 60 months,12.45,341.2,C,B4,10+ years,RENT,39827.79,Source Verified,Late (31-120 days),n,other
sdv-id-HVktzN,7801.0,17114.0,37718.11612325785, 60 months,8.41,411.33,C,D1,10+ years,RENT,38317.69,Verified,Current,n,debt_consolidation
sdv-id-smqydO,15028.0,23853.0,4415.538298564011, 36 months,22.21,196.68,D,C5,2 years,RENT,56982.94,Not Verified,Late (31-120 days),n,debt_consolidation
sdv-id-fIEteI,2884.0,25974.0,20552.675287908132, 60 months,9.04,394.93,A,D4,3 years,OWN,94522.36,Source Verified,Current,n,debt_consolidation
sdv-id-xLspON,5680.0,23707.0,31304.894707731662, 36 months,16.71,736.88,B,F2,2 years,OWN,93655.73,Verified,Charged Off,n,debt_consolidation
sdv-id-ljMiOv,21473.0,37236.0,7589.826379512209, 36 months,15.45,103.9,A,C3,8 years,OWN,126020.09,Source Verified,Fully Paid,n,major_purchase
sdv-id-ehjAJc,9106.0,2138.0,934.2389991448536, 36 months,13.63,176.09,C,A5,2 years,OWN,78324.22,Not Verified,Does not meet the credit policy. Status:Charged Off,n,credit_card
sdv-id-coRfqY,18705.0,3157.0,0.0, 60 months,16.41,203.18,D,E3,10+ years,OWN,57638.34,Verified,Charged Off,n,debt_consolidation
sdv-id-DFUaVj,10597.0,13446.0,16065.716227629531, 36 months,30.99,617.39,C,A3,9 years,MORTGAGE,20885.89,Verified,Fully Paid,n,debt_consolidation
sdv-id-zUMkuw,13940.0,1000.0,30836.49545275128, 60 months,9.63,108.5,E,B5,2 years,MORTGAGE,56427.48,Source Verified,Charged Off,y,debt_consolidation
sdv-id-ivEecJ,3171.0,3606.0,2189.6928735806277, 60 months,19.89,426.99,D,A2,10+ years,RENT,47173.46,Source Verified,Current,n,home_improvement
sdv-id-wiqDsH,4516.0,28614.0,20365.223634373346, 36 months,15.17,433.2,A,C5,10+ years,RENT,56135.48,Verified,Does not meet the credit policy. Status:Fully Paid,n,debt_consolidation
sdv-id-DvnDCt,17622.0,1578.0,33328.80832038138, 60 months,30.16,1045.65,C,C4,9 years,RENT,164517.02,Source Verified,Fully Paid,n,debt_consolidation
sdv-id-rXKkYB,14424.0,14116.0,9342.531021242981, 36 months,13.73,22.24,A,B1,9 years,RENT,72002.2,Verified,Current,n,other
sdv-id-WBxacY,21093.0,24847.0,18327.8233282192, 36 months,21.55,753.27,A,D4,8 years,RENT,87236.03,Verified,Late (16-30 days),n,debt_consolidation
sdv-id-kYsLPr,8606.0,24148.0,7646.5430884071275, 36 months,18.78,288.51,E,D2,7 years,MORTGAGE,52127.97,Verified,Current,n,debt_consolidation
sdv-id-HGKUzx,22374.0,10061.0,15828.05168300902, 36 months,10.28,42.26,C,B4,2 years,MORTGAGE,49201.79,Source Verified,Does not meet the credit policy. Status:Fully Paid,n,debt_consolidation
sdv-id-ZWDfcX,4431.0,7357.0,15746.127253188512, 36 months,11.64,248.65,B,C2,1 year,OWN,82053.57,Not Verified,Charged Off,n,credit_card
sdv-id-cPqHHt,2421.0,14075.0,7344.59950564691, 36 months,29.6,288.6,D,B4,10+ years,OWN,111964.74,Verified,Charged Off,n,debt_consolidation
sdv-id-DkxJyd,1000.0,17194.0,5965.985524874048, 36 months,19.36,389.79,C,C2,7 years,RENT,79240.92,Not Verified,Late (31-120 days),n,debt_consolidation
sdv-id-ggVocY,3421.0,18582.0,37117.14077346815, 60 months,20.26,74.66,D,A2,10+ years,MORTGAGE,77874.92,Source Verified,Fully Paid,n,debt_consolidation
sdv-id-mFbDZW,17174.0,17781.0,13772.570742632166, 36 months,6.77,708.52,B,C5,6 years,MORTGAGE,39162.12,Not Verified,Fully Paid,n,debt_consolidation
sdv-id-UKhmka,6358.0,17949.0,27383.229923429317, 36 months,18.11,48.86,E,A1,1 year,OWN,50086.14,Not Verified,Fully Paid,n,credit_card
sdv-id-ylpjZn,17959.0,24589.0,13030.290294128094, 36 months,8.17,486.93,D,C3,4 years,OWN,11433.47,Verified,Fully Paid,n,credit_card
sdv-id-pDWZax,32408.0,2275.0,13140.56691468093, 60 months,23.24,710.87,B,G4,1 year,OWN,255270.8,Verified,Fully Paid,n,credit_card
sdv-id-TPyBck,19148.0,9451.0,18597.72860498803, 36 months,20.79,22.24,A,F4,2 years,MORTGAGE,60464.77,Verified,Current,n,debt_consolidation
sdv-id-OLqAcL,8250.0,7633.0,34310.778699752176, 36 months,15.75,427.28,C,D3,10+ years,MORTGAGE,29666.59,Not Verified,Fully Paid,n,credit_card
sdv-id-ktYQLw,25322.0,16766.0,8803.655449073567, 36 months,10.61,34.84,D,D3,6 years,RENT,48189.22,Not Verified,Fully Paid,n,debt_consolidation
sdv-id-jjKxHW,2331.0,1000.0,5800.994493425189, 36 months,8.03,298.68,D,B1,2 years,MORTGAGE,119698.17,Not Verified,Fully Paid,n,other
sdv-id-PwDBQb,21656.0,30128.0,15202.32197393482, 60 months,11.81,564.82,C,C5,1 year,RENT,216802.54,Not Verified,Charged Off,n,debt_consolidation
sdv-id-FlZsYT,8827.0,30337.0,13782.710511494788, 36 months,16.03,509.31,D,B4,10+ years,OWN,16121.64,Source Verified,Charged Off,n,debt_consolidation
sdv-id-BEmAPx,23218.0,24236.0,16182.881784088255, 36 months,16.15,152.11,A,C3,10+ years,MORTGAGE,266972.46,Source Verified,Charged Off,n,credit_card
sdv-id-PWnCfg,1000.0,14194.0,5082.799625976301, 36 months,16.19,737.78,A,B1,2 years,RENT,61692.88,Source Verified,Fully Paid,n,other
sdv-id-TlwnFE,9358.0,3077.0,16286.665181071316, 60 months,22.37,999.57,C,C1,10+ years,OWN,90364.9,Verified,Fully Paid,y,debt_consolidation
sdv-id-bJmdyi,18359.0,26462.0,10890.08388674503, 60 months,22.8,356.48,D,C3,7 years,RENT,71652.8,Verified,Fully Paid,n,home_improvement
sdv-id-TsMRRQ,21281.0,16234.0,15052.66820107755, 36 months,28.36,506.99,B,E5,10+ years,NONE,96762.88,Verified,Charged Off,y,debt_consolidation
sdv-id-rGKBXB,17005.0,17406.0,20966.917467264855, 36 months,30.99,1237.97,B,A2,10+ years,MORTGAGE,26236.24,Verified,Current,n,debt_consolidation
sdv-id-JvzuYV,9537.0,16881.0,2171.3562898535106, 36 months,28.96,431.0,F,D2,7 years,RENT,78495.46,Verified,Current,n,wedding
sdv-id-JiTsuZ,29992.0,23680.0,14604.166063086672, 36 months,26.63,212.2,A,D1,10+ years,RENT,41585.38,Source Verified,Fully Paid,n,debt_consolidation
sdv-id-IzMJZU,20585.0,4755.0,21407.805915495064, 36 months,30.99,250.6,E,C2,9 years,MORTGAGE,360497.85,Source Verified,Fully Paid,n,debt_consolidation
sdv-id-FiTanx,1000.0,1826.0,14765.143114236074, 36 months,19.4,372.66,B,C4,10+ years,RENT,46897.52,Verified,Current,y,debt_consolidation
sdv-id-oicNPg,19596.0,2110.0,40000.0, 36 months,9.27,161.78,B,B5,10+ years,MORTGAGE,47478.43,Source Verified,Current,n,debt_consolidation
sdv-id-xaXkPt,19413.0,28490.0,8667.42922365768, 36 months,28.76,504.82,B,A5,10+ years,RENT,74951.12,Not Verified,Charged Off,y,debt_consolidation
sdv-id-ddhcBB,32866.0,22538.0,715.1402423776235, 36 months,19.08,754.93,C,C3,10+ years,OWN,58820.87,Not Verified,Late (31-120 days),n,small_business
sdv-id-ZIhkQc,8185.0,31695.0,11104.53566208166, 36 months,14.63,554.15,D,F5,1 year,ANY,43166.13,Verified,Fully Paid,n,debt_consolidation
sdv-id-cPVmVi,27341.0,14389.0,10938.070826879226, 36 months,18.78,787.92,D,B5,10+ years,OWN,78004.64,Source Verified,Fully Paid,n,debt_consolidation
sdv-id-dHDeQo,25464.0,22170.0,8397.778335586627, 36 months,28.92,330.4,A,A1,6 years,RENT,69545.15,Verified,Fully Paid,n,small_business
sdv-id-Pazeyl,10295.0,14129.0,28594.53076268597, 36 months,12.07,537.86,C,B4,2 years,OWN,38184.82,Not Verified,Current,n,debt_consolidation
sdv-id-rGFykU,3397.0,1000.0,12631.907862301086, 36 months,21.22,464.07,D,E4,10+ years,OWN,62606.43,Verified,Fully Paid,n,debt_consolidation
sdv-id-MVIBIi,16894.0,18325.0,15446.702986964658, 60 months,25.3,654.58,C,F1,4 years,MORTGAGE,67908.68,Not Verified,Late (31-120 days),n,credit_card
sdv-id-ZCebeB,25589.0,17905.0,9533.314208335714, 60 months,14.75,141.1,D,C5,7 years,RENT,47356.51,Verified,Current,n,debt_consolidation
sdv-id-MiIfvg,18533.0,13838.0,33261.44932154531, 60 months,21.12,200.42,B,D2,1 year,MORTGAGE,82822.34,Verified,Current,n,other
sdv-id-wGBBse,19115.0,22959.0,0.0, 36 months,14.8,58.16,G,C5,10+ years,MORTGAGE,45547.28,Not Verified,Late (31-120 days),n,debt_consolidation
sdv-id-MmxMBj,19134.0,21914.0,5937.419841301623, 36 months,22.44,907.16,C,C2,8 years,MORTGAGE,21096.69,Not Verified,Charged Off,y,debt_consolidation
sdv-id-sUPYEz,16053.0,6010.0,14440.174331894068, 36 months,22.93,31.37,C,C3,9 years,RENT,86550.92,Not Verified,Does not meet the credit policy. Status:Charged Off,n,other
sdv-id-yKeVXB,8730.0,17160.0,27541.420820785093, 36 months,19.63,383.5,D,B2,7 years,MORTGAGE,67798.93,Verified,Current,n,debt_consolidation
sdv-id-CmLWuq,8108.0,1000.0,13778.467639972641, 60 months,13.16,1038.16,E,A5,10+ years,MORTGAGE,41837.9,Not Verified,Late (31-120 days),n,debt_consolidation
sdv-id-zgfQbX,6633.0,22578.0,15392.200056588821, 36 months,19.25,443.79,G,E3,10+ years,OWN,41421.71,Source Verified,Fully Paid,n,other
sdv-id-JoAVqk,17412.0,9941.0,14517.746880618488, 36 months,19.72,703.55,C,F3,1 year,RENT,62599.72,Source Verified,Fully Paid,n,debt_consolidation
sdv-id-mNDanL,18971.0,17613.0,0.0, 36 months,15.38,290.4,C,B5,6 years,OWN,68420.64,Not Verified,Fully Paid,n,debt_consolidation
sdv-id-CUllKo,21760.0,13507.0,27741.523778378043, 36 months,26.5,429.98,D,D1,2 years,MORTGAGE,19661.71,Not Verified,Current,n,debt_consolidation
sdv-id-GRWsxr,11546.0,16863.0,15588.161650124393, 60 months,16.33,409.97,D,A4,4 years,MORTGAGE,44668.25,Source Verified,Fully Paid,n,debt_consolidation
sdv-id-udTxgw,20976.0,1312.0,10366.763435857547, 36 months,19.19,259.89,B,F1,7 years,OWN,80069.56,Source Verified,Current,n,debt_consolidation
sdv-id-waHPsc,18505.0,1000.0,16852.42369258397, 36 months,13.6,842.57,C,E2,10+ years,MORTGAGE,36351.81,Source Verified,Charged Off,n,other
sdv-id-OQuvTv,35847.0,38715.0,15278.335731329295, 60 months,30.99,594.56,E,B5,7 years,RENT,11433.47,Source Verified,Charged Off,n,house
sdv-id-lquFLw,7887.0,1944.0,26620.614332453104, 36 months,21.53,38.93,D,C1,10+ years,RENT,206729.02,Verified,Current,n,debt_consolidation
sdv-id-XDydFT,17098.0,25066.0,11343.57470830826, 60 months,12.2,313.94,B,C5,2 years,RENT,20032.4,Source Verified,Fully Paid,n,debt_consolidation
sdv-id-ARadSN,30780.0,21498.0,6823.49933920081, 36 months,30.92,1230.45,B,B1,2 years,MORTGAGE,105059.99,Source Verified,Current,n,debt_consolidation
sdv-id-GuOVRF,19142.0,30756.0,21922.89269342432, 36 months,21.54,594.02,B,C4,10+ years,MORTGAGE,52065.29,Not Verified,Charged Off,n,debt_consolidation
sdv-id-EERohy,18798.0,1000.0,287.15713234617124, 60 months,9.86,431.96,E,C3,10+ years,OWN,72347.78,Source Verified,Charged Off,y,debt_consolidation
sdv-id-WEtxKk,4347.0,29318.0,2496.1664489611026, 60 months,16.4,246.64,E,G3,1 year,MORTGAGE,24938.38,Verified,Fully Paid,n,home_improvement
sdv-id-NcOCvH,7336.0,14841.0,15721.930344701077, 36 months,16.97,533.96,B,C5,5 years,OWN,189469.64,Verified,Current,y,debt_consolidation
sdv-id-CpgZhx,16873.0,15923.0,40000.0, 36 months,14.13,911.9,B,D2,10+ years,MORTGAGE,140631.3,Source Verified,Current,n,debt_consolidation
sdv-id-Spdrww,9571.0,17645.0,16869.53957138354, 36 months,20.91,72.16,C,F3,10+ years,OWN,65208.36,Source Verified,Charged Off,y,home_improvement
sdv-id-lNfHpJ,26772.0,1000.0,14232.063903594257, 36 months,22.42,331.89,F,B4,2 years,MORTGAGE,27153.72,Source Verified,Charged Off,n,debt_consolidation
sdv-id-iIzeuG,20119.0,2527.0,10111.990301954938, 60 months,17.83,287.17,C,D1,10+ years,RENT,132083.81,Not Verified,Fully Paid,n,debt_consolidation
sdv-id-OkCrlk,17540.0,13316.0,17366.00796504726, 36 months,17.21,348.18,C,C2,2 years,MORTGAGE,167939.11,Verified,Current,n,renewable_energy
sdv-id-rZsssy,16707.0,4390.0,27114.618081958546, 36 months,20.54,420.78,D,B4,10+ years,RENT,33731.51,Verified,Current,n,debt_consolidation
sdv-id-miTWPR,19671.0,8514.0,0.0, 36 months,30.99,424.1,C,E3,2 years,RENT,46705.36,Verified,Charged Off,n,debt_consolidation
sdv-id-pURyes,3602.0,25421.0,14594.475531918124, 36 months,20.92,195.24,B,E2,10+ years,OWN,47200.19,Not Verified,Fully Paid,n,credit_card
sdv-id-bmPDkJ,24167.0,17588.0,28217.569142913962, 36 months,24.62,420.33,C,D3,8 years,MORTGAGE,15258.68,Verified,Fully Paid,n,debt_consolidation
sdv-id-SrqSzG,21712.0,3207.0,11631.226221260295, 60 months,17.63,373.13,C,F2,4 years,NONE,62056.82,Source Verified,Fully Paid,n,debt_consolidation
sdv-id-hoQiFs,7512.0,10977.0,30910.02479112913, 36 months,19.66,22.24,B,C5,4 years,OWN,44900.41,Not Verified,Current,n,debt_consolidation
sdv-id-hIiosf,24148.0,3632.0,14321.711001807365, 60 months,30.99,668.48,B,E1,2 years,OTHER,40554.8,Not Verified,Fully Paid,n,credit_card
sdv-id-mJjpLQ,13450.0,22763.0,3362.641580997507, 36 months,22.47,208.84,A,D5,2 years,MORTGAGE,47932.85,Verified,Current,n,major_purchase
sdv-id-uWiwZi,30528.0,1729.0,5031.997203877465, 36 months,11.8,786.79,C,G4,2 years,OWN,43212.53,Verified,Charged Off,n,small_business
sdv-id-TnyQfR,9854.0,25380.0,16517.174028333586, 60 months,20.95,35.19,D,C5,10+ years,MORTGAGE,90575.76,Source Verified,Fully Paid,n,debt_consolidation
sdv-id-BwAYmo,30859.0,27757.0,12812.372299404433, 36 months,15.87,254.11,C,B1,10+ years,MORTGAGE,107422.27,Not Verified,Fully Paid,n,credit_card
sdv-id-MChDny,17435.0,22534.0,11204.92228939831, 60 months,13.1,718.23,B,B3,6 years,RENT,58259.28,Not Verified,Current,y,debt_consolidation
sdv-id-BksQxE,1992.0,18162.0,16344.278253070983, 60 months,12.25,393.55,A,B1,10+ years,OWN,73085.59,Not Verified,Charged Off,n,moving
sdv-id-VkWdQl,19004.0,22607.0,5085.544611110464, 36 months,16.62,327.09,D,B1,2 years,MORTGAGE,66629.56,Verified,Late (31-120 days),n,debt_consolidation
sdv-id-TuJvik,7091.0,22939.0,16916.684711910202, 36 months,16.19,466.0,C,C3,10+ years,OWN,82747.57,Verified,Charged Off,n,debt_consolidation
sdv-id-yjrDFA,18837.0,5596.0,13609.696698534415, 60 months,30.99,714.01,C,B4,10+ years,RENT,96894.69,Source Verified,Fully Paid,n,house
sdv-id-DUsyvV,20350.0,27449.0,4096.227613750167, 36 months,10.17,635.32,D,D4,3 years,OWN,33703.79,Source Verified,Charged Off,n,other
sdv-id-HDToVk,18101.0,21774.0,8403.172638121418, 60 months,27.84,170.99,D,A4,2 years,MORTGAGE,47105.12,Verified,Charged Off,n,small_business
sdv-id-DuMtDP,32476.0,21763.0,10713.196724423276, 36 months,11.68,1102.16,D,B4,6 years,ANY,57206.42,Verified,Fully Paid,n,credit_card
sdv-id-NyTQSb,8609.0,17686.0,4947.1752471573045, 36 months,17.92,801.28,B,B1,2 years,MORTGAGE,31564.53,Source Verified,Charged Off,n,debt_consolidation
sdv-id-vgmJvy,3879.0,7554.0,13069.36884791642, 36 months,18.39,603.86,A,D1,3 years,MORTGAGE,86059.45,Source Verified,Charged Off,n,debt_consolidation
sdv-id-gKSoXS,21729.0,21600.0,9491.00630951862, 36 months,17.79,487.24,G,C4,9 years,OWN,121898.08,Verified,Charged Off,n,debt_consolidation
sdv-id-tJHnal,20378.0,17704.0,11655.303233433708, 36 months,26.06,750.94,A,D1,5 years,RENT,49858.52,Verified,Fully Paid,n,credit_card
sdv-id-SNiAxI,9429.0,13629.0,16019.116860295573, 60 months,30.99,381.27,C,F1,10+ years,RENT,336851.61,Verified,Fully Paid,n,credit_card
sdv-id-lkxNyd,2230.0,3755.0,0.0, 60 months,7.88,436.36,C,C4,2 years,MORTGAGE,51832.89,Source Verified,Charged Off,n,other
sdv-id-EqaRYI,9513.0,22527.0,20398.87937604847, 36 months,12.7,756.34,E,A3,6 years,MORTGAGE,200468.83,Not Verified,Fully Paid,n,debt_consolidation
sdv-id-VfaLIg,19709.0,22139.0,13959.55481258385, 36 months,19.52,453.82,A,C4,10+ years,OWN,43165.38,Not Verified,Fully Paid,n,debt_consolidation
sdv-id-vMCDZl,20192.0,17518.0,18031.301012491862, 36 months,26.88,526.85,A,F2,7 years,ANY,101618.44,Verified,Late (31-120 days),n,debt_consolidation
sdv-id-oaftYL,5547.0,15662.0,32597.686135813095, 36 months,18.89,102.21,D,B5,10+ years,OWN,60153.4,Verified,Current,n,car
sdv-id-gyxydJ,10293.0,17658.0,16123.215278118265, 36 months,17.81,554.17,B,E2,10+ years,MORTGAGE,48872.64,Not Verified,Fully Paid,n,medical
sdv-id-eTbvzh,4298.0,16754.0,9941.843278434235, 36 months,10.44,137.94,E,B5,10+ years,OWN,40318.91,Verified,Current,n,debt_consolidation
sdv-id-qyKdMu,17074.0,10594.0,22562.303869411582, 60 months,20.67,505.53,C,C3,2 years,OWN,118520.35,Not Verified,Charged Off,n,medical
sdv-id-ZNSDjg,8760.0,1313.0,4645.564591530999, 60 months,16.2,539.51,A,C2,2 years,MORTGAGE,50023.63,Source Verified,Late (16-30 days),n,credit_card
sdv-id-evQlss,7009.0,1000.0,13752.80370776222, 60 months,13.29,424.55,C,B3,10+ years,MORTGAGE,106807.86,Verified,Fully Paid,n,other
sdv-id-TrkjXv,2493.0,13850.0,29231.53312781831, 36 months,20.5,22.24,B,B1,2 years,RENT,24544.33,Source Verified,Late (31-120 days),n,debt_consolidation
sdv-id-AWsILP,5935.0,22508.0,2979.3411542450553, 36 months,17.8,569.11,A,B5,10+ years,RENT,62706.84,Verified,Current,n,credit_card
sdv-id-NhqCVg,11331.0,7531.0,918.6274970336444, 60 months,19.43,1021.41,A,B5,< 1 year,RENT,42635.33,Not Verified,Fully Paid,n,debt_consolidation
sdv-id-TVRZYK,13581.0,1000.0,30185.051671291763, 60 months,30.91,311.72,C,A1,8 years,MORTGAGE,75220.22,Verified,Charged Off,n,home_improvement
sdv-id-ghEgOC,8020.0,3950.0,28586.196906780653, 36 months,16.32,394.06,D,E4,8 years,RENT,72270.76,Source Verified,Late (16-30 days),n,medical
sdv-id-bVKIWQ,5925.0,22965.0,17475.428203103937, 36 months,14.42,185.42,B,C5,1 year,RENT,66021.07,Verified,Fully Paid,n,house
sdv-id-cjjjHw,8196.0,14953.0,8202.579780754018, 36 months,9.7,335.52,D,C5,2 years,MORTGAGE,70309.05,Verified,Current,n,debt_consolidation
sdv-id-qYWuov,7215.0,15891.0,15477.375503375444, 36 months,15.68,180.04,C,B3,8 years,RENT,191339.85,Not Verified,Fully Paid,n,debt_consolidation
sdv-id-daJYyO,16362.0,1577.0,16272.196656038688, 36 months,28.6,653.28,E,C2,2 years,RENT,62722.18,Source Verified,Does not meet the credit policy. Status:Fully Paid,n,credit_card
sdv-id-HnpAaA,2289.0,21922.0,16036.269146150538, 36 months,10.49,22.24,B,E4,1 year,OWN,68030.33,Not Verified,Current,n,other
sdv-id-OVhNyn,17403.0,25519.0,13438.148978137233, 60 months,24.33,292.59,B,D3,10+ years,MORTGAGE,65138.08,Source Verified,Current,n,debt_consolidation
sdv-id-SZzfMy,19981.0,2136.0,15352.97860748451, 36 months,13.49,516.42,A,C1,4 years,ANY,37164.42,Source Verified,Current,n,debt_consolidation
sdv-id-sxkxRd,12282.0,18473.0,34590.51328240563, 36 months,28.82,164.68,A,B1,2 years,MORTGAGE,66432.12,Not Verified,Charged Off,n,major_purchase
sdv-id-IuXkss,14277.0,3417.0,16313.218472055294, 60 months,30.99,252.86,C,D2,2 years,MORTGAGE,42684.11,Source Verified,Charged Off,n,debt_consolidation
sdv-id-dzLupg,19727.0,16513.0,13428.781009808146, 60 months,13.22,349.04,A,B1,6 years,MORTGAGE,38327.08,Verified,Fully Paid,n,credit_card
sdv-id-EFovDR,21080.0,25877.0,8468.16605187593, 36 months,12.35,399.66,E,C5,10+ years,MORTGAGE,169163.34,Source Verified,Current,n,debt_consolidation
sdv-id-pThBfK,9027.0,29465.0,25212.534197232806, 60 months,21.21,133.33,F,D1,8 years,MORTGAGE,31187.41,Source Verified,Charged Off,n,major_purchase
sdv-id-hrFrwF,5999.0,16545.0,19181.084006792975, 36 months,14.42,173.47,C,B3,10+ years,RENT,56796.3,Source Verified,Current,n,debt_consolidation
sdv-id-btAnBm,14327.0,1000.0,14668.397495739298, 36 months,17.99,47.23,A,C1,4 years,OWN,124962.32,Verified,Current,n,credit_card
sdv-id-bEWcTp,6148.0,9865.0,10107.77254316237, 60 months,17.57,1090.57,E,C5,10+ years,OWN,330526.14,Not Verified,Fully Paid,n,debt_consolidation
sdv-id-RDnFjx,21509.0,19825.0,36631.89384564955, 60 months,11.62,386.84,B,C2,10+ years,OWN,82968.46,Source Verified,Charged Off,n,other
sdv-id-BBHJLP,11150.0,37804.0,15715.024142307018, 36 months,26.18,346.61,E,A4,10+ years,RENT,149439.48,Source Verified,Late (31-120 days),n,credit_card
sdv-id-MvKQhD,5917.0,25229.0,19435.88803076146, 60 months,16.39,28.43,D,D2,10+ years,MORTGAGE,36922.7,Not Verified,Current,n,debt_consolidation
sdv-id-lhJeHb,17761.0,38509.0,2632.804991496876, 36 months,10.79,513.77,A,F5,10+ years,MORTGAGE,37997.2,Source Verified,Charged Off,n,credit_card
sdv-id-ZKjZmQ,1000.0,25003.0,9022.310859849456, 60 months,20.67,137.28,E,G3,10+ years,OWN,34704.26,Verified,Current,n,debt_consolidation
sdv-id-ITGXFG,1654.0,22410.0,3416.251377151269, 36 months,8.42,457.15,B,E3,10+ years,RENT,37732.67,Source Verified,Charged Off,n,other
sdv-id-XLUcAm,15718.0,4774.0,4739.7403620229325, 60 months,30.99,1377.24,D,C4,6 years,OWN,42970.78,Source Verified,Fully Paid,n,major_purchase
sdv-id-jxeviX,3050.0,26965.0,11784.683071689224, 36 months,17.48,408.14,A,B3,6 years,MORTGAGE,59893.29,Verified,Fully Paid,n,other
sdv-id-MhlsXb,17808.0,19196.0,22656.910031166037, 36 months,18.09,36.36,D,A5,2 years,ANY,84351.14,Verified,Current,n,credit_card
sdv-id-AJrcSD,32974.0,19274.0,16287.50834185813, 36 months,15.8,62.11,A,G3,10+ years,RENT,13190.43,Verified,Fully Paid,y,other
sdv-id-VUnJzc,5927.0,4217.0,231.9058531470946, 36 months,20.43,491.07,E,B4,8 years,OWN,35186.2,Verified,Charged Off,n,other
sdv-id-WcJmrF,22710.0,11502.0,4463.751758472056, 36 months,18.81,470.78,D,D1,2 years,RENT,114881.07,Verified,Fully Paid,n,other
sdv-id-sZVQvF,12903.0,9105.0,13753.317208841177, 60 months,16.26,72.83,B,A5,10+ years,RENT,42451.42,Source Verified,Fully Paid,n,debt_consolidation
sdv-id-eNDOLB,6921.0,14679.0,4727.528188883978, 60 months,20.89,205.27,B,A1,2 years,MORTGAGE,65360.51,Not Verified,Current,n,credit_card
sdv-id-yJJjLT,15677.0,21803.0,2182.3458146599673, 36 months,10.87,160.27,C,F2,6 years,OWN,80820.32,Not Verified,Charged Off,n,other
sdv-id-cNfAdB,24819.0,1050.0,2247.35384849411, 36 months,27.9,140.84,B,F1,2 years,MORTGAGE,51744.98,Not Verified,Does not meet the credit policy. Status:Fully Paid,n,home_improvement
sdv-id-vqYYNn,19829.0,16027.0,13022.016101622181, 36 months,28.95,1413.24,F,B4,10+ years,MORTGAGE,41468.57,Source Verified,Fully Paid,n,credit_card
sdv-id-cLmXLA,2650.0,25224.0,34715.35421116947, 60 months,7.27,249.83,E,E3,9 years,RENT,71163.6,Not Verified,Fully Paid,y,debt_consolidation
sdv-id-Yyacde,15275.0,14154.0,16062.96074592198, 36 months,5.57,22.24,C,G1,3 years,MORTGAGE,71632.08,Verified,Charged Off,y,debt_consolidation
sdv-id-ugbGLH,12235.0,29550.0,35427.38620695405, 36 months,5.56,171.13,C,E5,10+ years,MORTGAGE,48095.68,Verified,Charged Off,n,debt_consolidation
sdv-id-rHVvmt,15426.0,7881.0,14425.439740678543, 36 months,9.93,424.27,D,C3,2 years,RENT,86971.28,Not Verified,Fully Paid,n,debt_consolidation
sdv-id-NMdqlP,20994.0,23229.0,13929.275169175533, 36 months,18.08,631.94,E,C2,10+ years,RENT,42404.05,Not Verified,Charged Off,n,debt_consolidation
sdv-id-okbPCL,16099.0,18815.0,9995.710631328937, 36 months,16.1,355.84,A,C2,2 years,RENT,44224.55,Not Verified,Fully Paid,n,debt_consolidation
sdv-id-KubcFl,7748.0,9195.0,14133.404110490483, 36 months,15.94,514.43,B,C2,< 1 year,RENT,46891.25,Not Verified,Fully Paid,n,small_business
sdv-id-MLWGnm,16300.0,27904.0,3026.1092853649557, 36 months,27.85,22.24,B,B3,2 years,RENT,53092.2,Verified,In Grace Period,n,credit_card
sdv-id-XdsICX,32904.0,1000.0,21406.6500948077, 36 months,16.2,375.21,C,B5,10+ years,ANY,52313.38,Verified,Charged Off,n,debt_consolidation
sdv-id-QyeKHO,5723.0,14300.0,12264.789812701794, 36 months,15.36,22.24,D,C4,4 years,MORTGAGE,63669.12,Verified,Fully Paid,n,other
sdv-id-QrAXRh,26858.0,22718.0,33982.41223443591, 36 months,16.71,251.19,E,C5,5 years,ANY,81899.63,Not Verified,Fully Paid,n,home_improvement
sdv-id-NDTSXP,18958.0,20599.0,18590.476941462297, 60 months,13.65,208.3,B,A1,8 years,MORTGAGE,91994.8,Verified,Fully Paid,n,home_improvement
sdv-id-rVnrrE,25018.0,19501.0,13195.602494002906, 60 months,21.36,553.67,B,F3,6 years,OWN,53833.91,Not Verified,Charged Off,n,debt_consolidation
sdv-id-iDPPSh,6619.0,14127.0,10831.942734876828, 36 months,9.68,855.32,C,B4,10+ years,OWN,71879.12,Verified,Charged Off,y,debt_consolidation
sdv-id-KNmaKk,9445.0,14637.0,28342.507559144626, 36 months,30.99,878.9,A,E2,6 years,MORTGAGE,50397.65,Verified,Charged Off,n,car
sdv-id-AfNnnY,14925.0,1000.0,18990.226789783184, 36 months,13.95,1140.88,B,B2,1 year,OWN,11433.47,Not Verified,Fully Paid,n,other
sdv-id-QXdBle,19317.0,1000.0,11392.750892789269, 36 months,9.4,249.9,E,B5,8 years,MORTGAGE,65855.5,Verified,Late (31-120 days),n,credit_card
sdv-id-xPaTIZ,17705.0,13456.0,13923.379032295745, 36 months,10.72,186.48,A,C4,6 years,MORTGAGE,30278.65,Verified,Late (31-120 days),n,debt_consolidation
sdv-id-kHFoBU,33401.0,28205.0,616.3898369921808, 60 months,17.83,336.55,D,B4,5 years,MORTGAGE,31111.68,Verified,Current,n,credit_card
sdv-id-UdzGoJ,7143.0,10641.0,26916.82047147194, 36 months,12.33,715.86,B,A4,5 years,MORTGAGE,50767.88,Source Verified,Current,n,debt_consolidation
sdv-id-pqTbWj,27308.0,2663.0,25677.64297752109, 60 months,29.79,512.39,A,B1,8 years,OWN,30298.02,Verified,Late (16-30 days),n,house
sdv-id-gtjenK,11608.0,23052.0,32117.52220414115, 36 months,9.3,524.77,C,B2,6 years,MORTGAGE,215065.37,Source Verified,Fully Paid,n,debt_consolidation
sdv-id-IQKplD,18019.0,16496.0,15904.45782985364, 60 months,30.65,768.05,C,D1,1 year,OWN,183946.2,Verified,Fully Paid,n,debt_consolidation
sdv-id-tHvcHh,22608.0,21958.0,10600.6725978584, 36 months,11.83,237.88,D,D2,10+ years,OWN,78749.42,Verified,Current,n,small_business
sdv-id-PiuHvk,17912.0,1829.0,8359.682361326462, 36 months,18.51,824.8,B,B2,6 years,RENT,11433.47,Source Verified,Fully Paid,n,debt_consolidation
sdv-id-yoRiyA,18719.0,21921.0,14705.325656819696, 60 months,12.67,886.11,C,B2,8 years,RENT,136187.44,Source Verified,Fully Paid,n,other
sdv-id-pgpGAL,11055.0,24163.0,15645.07224656436, 36 months,18.72,991.85,E,B1,8 years,MORTGAGE,69617.07,Source Verified,Charged Off,n,debt_consolidation
sdv-id-eUWbUX,21429.0,25000.0,12210.722805703728, 60 months,12.23,497.96,B,B2,6 years,OWN,77113.85,Verified,Charged Off,n,home_improvement
sdv-id-QrizTw,13193.0,14768.0,8149.735527226759, 36 months,19.19,519.64,A,C2,3 years,OWN,49546.19,Source Verified,Fully Paid,n,other
sdv-id-miCoMI,17346.0,14806.0,23145.585820923297, 60 months,27.85,1058.22,G,B5,9 years,OWN,111512.87,Not Verified,Late (31-120 days),n,major_purchase
sdv-id-ZryaDR,22639.0,1949.0,13116.783389239059, 60 months,30.99,415.45,A,C2,10+ years,OWN,153811.08,Not Verified,Fully Paid,n,debt_consolidation
sdv-id-BCuoQE,7519.0,7528.0,20731.910064367614, 36 months,29.29,453.25,C,A5,2 years,MORTGAGE,73027.63,Source Verified,Fully Paid,n,moving
sdv-id-RbjPiu,7522.0,9543.0,1721.0259046907931, 36 months,27.69,450.93,A,B3,1 year,MORTGAGE,30366.1,Not Verified,Late (31-120 days),n,debt_consolidation
sdv-id-ByKrYh,6640.0,28123.0,13683.322410991852, 36 months,14.26,196.27,B,A5,10+ years,MORTGAGE,78938.11,Not Verified,Charged Off,n,debt_consolidation
sdv-id-ljURgU,7324.0,25746.0,30861.781295100925, 36 months,14.87,504.08,A,C2,10+ years,OWN,221549.45,Verified,Charged Off,n,car
sdv-id-rpyoBF,32830.0,1335.0,11730.024094579854, 36 months,19.84,196.11,A,C5,4 years,RENT,71256.77,Verified,Charged Off,n,other
sdv-id-FLpqkp,3842.0,31130.0,12736.512641268997, 60 months,19.77,798.37,F,C5,6 years,MORTGAGE,11591.13,Verified,Current,n,home_improvement
sdv-id-encyFd,4995.0,7647.0,28988.9700609107, 36 months,30.05,393.81,F,C5,10+ years,RENT,139434.23,Source Verified,Charged Off,n,debt_consolidation
sdv-id-OAcpMt,6632.0,4003.0,15328.095858514906, 60 months,19.98,147.77,C,C5,2 years,MORTGAGE,65388.97,Source Verified,Current,n,debt_consolidation
sdv-id-tlqiec,13104.0,28594.0,14830.67182152769, 60 months,17.19,153.03,C,E1,7 years,RENT,22229.03,Source Verified,Fully Paid,n,vacation
sdv-id-uYxbuM,28821.0,8860.0,15817.125146212906, 36 months,17.94,225.16,C,B1,10+ years,OWN,44131.08,Not Verified,Current,n,debt_consolidation
sdv-id-MOtZqe,8311.0,5465.0,10982.984558703349, 36 months,13.83,224.91,D,C1,1 year,MORTGAGE,73002.1,Verified,Fully Paid,n,debt_consolidation
sdv-id-mRHfkS,20845.0,33659.0,1064.6927131159382, 60 months,6.41,291.78,B,E4,2 years,MORTGAGE,80614.07,Verified,Charged Off,n,debt_consolidation
sdv-id-heeKlo,10896.0,5264.0,17091.968999133376, 60 months,16.86,366.59,B,E3,10+ years,RENT,122214.14,Not Verified,Current,n,debt_consolidation
sdv-id-kFNRHb,19790.0,31736.0,32412.341437758467, 36 months,9.06,506.34,F,E3,6 years,RENT,55129.94,Not Verified,Charged Off,n,debt_consolidation
sdv-id-mfMgux,8238.0,2409.0,19479.29622917622, 36 months,19.28,163.37,E,B2,1 year,OWN,50689.98,Verified,Current,n,debt_consolidation
sdv-id-oNBfaq,17794.0,11596.0,19188.34753627229, 36 months,19.93,371.1,A,G2,10+ years,OWN,82295.02,Not Verified,Current,y,debt_consolidation
sdv-id-MDSFsg,9803.0,21453.0,5422.001516494708, 36 months,15.06,194.95,D,B5,7 years,MORTGAGE,121009.94,Source Verified,Fully Paid,n,debt_consolidation
sdv-id-EztpKn,11129.0,1000.0,9074.497411238925, 36 months,30.97,329.69,C,C2,3 years,OWN,74533.38,Verified,Charged Off,n,debt_consolidation
sdv-id-gOvMdg,20182.0,14050.0,13353.820308614517, 60 months,27.56,347.86,E,B3,7 years,OWN,48669.26,Source Verified,Fully Paid,y,other
sdv-id-VaPUzL,14549.0,3041.0,11572.090948157696, 36 months,22.24,124.96,F,A5,9 years,RENT,33331.55,Verified,Late (16-30 days),n,debt_consolidation
sdv-id-ysgjRF,19492.0,13638.0,11250.459744520384, 36 months,15.24,501.26,G,B2,3 years,OWN,142298.13,Source Verified,Charged Off,n,credit_card
sdv-id-MKvOCq,18227.0,26193.0,12383.444350968472, 36 months,13.07,284.85,C,E3,10+ years,MORTGAGE,69827.34,Verified,Fully Paid,n,credit_card
sdv-id-Rjqybd,24947.0,1315.0,12849.341366049477, 36 months,12.05,291.85,D,B4,7 years,RENT,59696.19,Source Verified,Current,n,credit_card
sdv-id-PvmoBD,10644.0,14619.0,17444.15511706968, 36 months,9.57,403.97,C,B1,6 years,MORTGAGE,66656.57,Not Verified,Fully Paid,n,debt_consolidation
sdv-id-wWVZkA,17308.0,13345.0,2131.1115093857306, 36 months,30.99,378.64,E,C5,2 years,MORTGAGE,42889.82,Source Verified,Current,n,debt_consolidation
sdv-id-HvgdIg,10873.0,1555.0,14139.528005346056, 36 months,18.56,1039.73,D,C5,6 years,ANY,65574.89,Source Verified,Charged Off,n,debt_consolidation
sdv-id-fENuJp,32580.0,13357.0,16676.437119916263, 36 months,21.38,258.71,D,A3,10+ years,RENT,273982.12,Verified,Fully Paid,n,debt_consolidation
sdv-id-KvvQDC,18878.0,24504.0,12200.433621369117, 36 months,30.99,348.55,A,B3,10+ years,OWN,21062.59,Source Verified,Fully Paid,n,other
sdv-id-VQrOqx,10630.0,14118.0,2626.1284171456496, 36 months,28.59,349.0,A,B2,6 years,OWN,38517.66,Source Verified,In Grace Period,n,educational
sdv-id-PkHuPt,2364.0,1502.0,35175.31193181143, 36 months,30.99,184.22,A,B2,10+ years,OWN,119935.79,Source Verified,Charged Off,n,credit_card
sdv-id-RNeoVQ,22987.0,29581.0,6993.182434562837, 60 months,22.54,77.15,D,A2,10+ years,MORTGAGE,48580.39,Not Verified,Fully Paid,n,other
sdv-id-LkArBZ,30307.0,13245.0,15301.974200264041, 60 months,16.81,412.55,A,A4,7 years,OWN,66592.58,Verified,Current,n,debt_consolidation
sdv-id-RAhqdR,18823.0,19199.0,15448.010765466888, 36 months,17.09,357.43,B,B4,6 years,OWN,60917.15,Verified,Current,n,other
sdv-id-XrjyoI,29180.0,14001.0,32903.65605352515, 36 months,12.08,1097.28,F,C2,2 years,OWN,90353.76,Not Verified,Fully Paid,n,wedding
sdv-id-MnbbDG,5747.0,27270.0,14586.662170350526, 36 months,29.09,392.58,D,E5,5 years,MORTGAGE,81157.73,Source Verified,Fully Paid,n,debt_consolidation
sdv-id-DbzzFM,9840.0,2619.0,22728.564634588736, 36 months,30.99,595.11,D,F1,10+ years,RENT,72999.88,Verified,Charged Off,n,debt_consolidation
sdv-id-xmdzLc,8242.0,7374.0,10679.773016282645, 36 months,20.17,377.88,A,B4,10+ years,MORTGAGE,68565.58,Source Verified,Fully Paid,n,vacation
sdv-id-qvGiDI,6386.0,18231.0,15138.83600301731, 36 months,12.49,414.49,B,A3,7 years,MORTGAGE,37572.14,Verified,Fully Paid,n,debt_consolidation
sdv-id-pAWtQA,7688.0,24930.0,8684.330486478857, 36 months,21.06,359.3,C,B2,1 year,MORTGAGE,82966.52,Not Verified,Fully Paid,n,debt_consolidation
sdv-id-JeRqEV,20320.0,9302.0,15691.249795924281, 60 months,21.13,165.77,A,A5,9 years,RENT,77977.76,Verified,Charged Off,n,debt_consolidation
sdv-id-nAvvOP,12586.0,7930.0,12034.314144990845, 36 months,17.33,271.52,B,D2,10+ years,MORTGAGE,30148.22,Not Verified,Current,n,debt_consolidation
sdv-id-OOERQk,4081.0,6602.0,15267.859529846319, 60 months,16.34,811.48,F,F4,7 years,MORTGAGE,91998.07,Not Verified,Current,n,debt_consolidation
sdv-id-phSSTH,13746.0,26004.0,36084.758269161364, 36 months,30.99,104.4,A,C5,10+ years,RENT,81221.77,Not Verified,Current,n,credit_card
sdv-id-ExUaCZ,6914.0,5598.0,15548.894169384119, 36 months,19.46,683.07,E,D2,5 years,MORTGAGE,33627.71,Source Verified,Current,n,debt_consolidation
sdv-id-ctyLgL,2593.0,24962.0,15714.550311376805, 60 months,10.95,209.52,C,A2,6 years,RENT,81688.96,Not Verified,Fully Paid,n,debt_consolidation
sdv-id-LqnhPI,19848.0,4363.0,17606.90126510591, 36 months,22.1,410.17,B,C5,10+ years,MORTGAGE,67306.37,Not Verified,Charged Off,n,debt_consolidation
sdv-id-zqmRDq,8213.0,2384.0,17175.475947643725, 36 months,13.68,684.18,D,C2,1 year,MORTGAGE,42668.27,Source Verified,Current,n,debt_consolidation
sdv-id-ENSHUT,4515.0,13888.0,9048.17743693668, 36 months,17.72,566.14,B,A2,10+ years,OWN,11433.47,Verified,Fully Paid,n,car
sdv-id-TOQxGC,36917.0,1606.0,2437.2173017624755, 36 months,21.7,304.58,C,B2,4 years,OWN,53524.8,Not Verified,Fully Paid,n,credit_card
sdv-id-BgcBVl,21438.0,37895.0,12070.099821839534, 36 months,16.91,508.2,B,C2,7 years,MORTGAGE,55144.95,Not Verified,Fully Paid,n,other
sdv-id-iBgyNC,20911.0,16712.0,36018.18262791857, 36 months,14.54,1011.21,A,A5,10+ years,MORTGAGE,131293.23,Not Verified,Charged Off,n,credit_card
sdv-id-bTYPrb,11712.0,2454.0,15630.23523080004, 60 months,28.39,496.11,D,D2,2 years,MORTGAGE,86216.89,Not Verified,Fully Paid,n,major_purchase
sdv-id-UrEuYo,16013.0,1824.0,40000.0, 36 months,10.33,324.67,F,B1,1 year,MORTGAGE,59883.83,Not Verified,Fully Paid,n,debt_consolidation
sdv-id-NclNCh,10568.0,17494.0,1187.2378165943546, 36 months,8.88,127.5,A,B1,2 years,OWN,46602.84,Source Verified,Charged Off,n,debt_consolidation
sdv-id-zgESco,17822.0,17361.0,19166.906349710876, 36 months,26.66,809.21,G,E2,4 years,MORTGAGE,28349.21,Not Verified,Fully Paid,n,home_improvement
sdv-id-QXlMPM,15141.0,5074.0,11775.115141703853, 60 months,21.22,462.63,C,C5,6 years,OWN,61244.09,Not Verified,Charged Off,n,debt_consolidation
sdv-id-vGxayB,18760.0,18489.0,12776.578019489989, 36 months,19.51,406.22,F,B2,6 years,MORTGAGE,254856.41,Not Verified,Fully Paid,n,home_improvement
sdv-id-MkynQM,3314.0,23960.0,31094.198286176274, 60 months,28.32,691.67,F,D1,10+ years,MORTGAGE,56734.86,Verified,Fully Paid,n,debt_consolidation
sdv-id-KEhRhj,20197.0,28795.0,16420.965283849608, 36 months,9.71,162.32,E,C5,10+ years,MORTGAGE,35790.1,Source Verified,Current,n,debt_consolidation
sdv-id-fXBGpJ,14858.0,23100.0,4546.180316016835, 36 months,18.95,274.31,B,B1,2 years,OWN,102363.08,Verified,Fully Paid,y,debt_consolidation
sdv-id-VagSMD,22521.0,28133.0,16223.893333885584, 36 months,15.07,92.09,B,C5,2 years,MORTGAGE,86588.7,Not Verified,Fully Paid,n,other
sdv-id-AHlbob,9891.0,14767.0,8736.161282189929, 60 months,14.49,542.58,D,E1,10+ years,RENT,62509.14,Not Verified,Current,n,credit_card
sdv-id-jEIPKA,26049.0,2167.0,3309.9403647154113, 36 months,16.19,370.23,C,D2,3 years,MORTGAGE,24174.87,Not Verified,Current,n,debt_consolidation
sdv-id-Mnflrg,1421.0,14611.0,7496.515577602027, 60 months,21.53,853.95,D,D1,1 year,MORTGAGE,57357.7,Not Verified,Fully Paid,n,other
sdv-id-tOHara,25958.0,9106.0,13105.740351773866, 60 months,16.57,306.47,C,C3,2 years,MORTGAGE,91809.69,Verified,Fully Paid,n,debt_consolidation
sdv-id-GnuMOB,20100.0,26083.0,9824.602233145164, 36 months,20.27,926.32,B,E2,10+ years,OWN,41899.4,Not Verified,Fully Paid,n,debt_consolidation
sdv-id-kzTHpI,1000.0,30238.0,13135.526242693948, 36 months,15.03,415.95,D,D5,1 year,RENT,91876.02,Verified,Fully Paid,n,debt_consolidation
sdv-id-zTzQzZ,10261.0,17250.0,2501.459126372074, 36 months,30.99,320.11,B,C5,10+ years,MORTGAGE,112097.44,Source Verified,Current,n,debt_consolidation
sdv-id-WukBtd,13261.0,17091.0,22339.564017905734, 36 months,11.99,22.24,F,C5,6 years,MORTGAGE,104081.65,Source Verified,Current,y,credit_card
sdv-id-QIcNIc,19637.0,15869.0,2064.5042250064826, 36 months,12.71,433.02,A,B1,2 years,OWN,22866.15,Source Verified,Current,n,debt_consolidation
sdv-id-AcJJry,3530.0,6803.0,16770.777021029422, 36 months,13.42,250.47,A,E4,2 years,MORTGAGE,137856.92,Not Verified,Charged Off,n,debt_consolidation
sdv-id-LGscfK,1096.0,14385.0,15270.652654421217, 36 months,17.48,307.69,D,E2,10+ years,OWN,107380.51,Source Verified,Fully Paid,n,debt_consolidation
sdv-id-aRHGHQ,18571.0,13998.0,12622.016033436765, 60 months,17.26,394.15,A,C1,2 years,MORTGAGE,51525.74,Source Verified,Charged Off,n,credit_card
sdv-id-nIvBgM,19058.0,8464.0,28257.883586552707, 36 months,7.39,58.95,C,C5,2 years,MORTGAGE,56721.38,Source Verified,In Grace Period,n,debt_consolidation
sdv-id-hLOPbd,9162.0,1000.0,13147.81554744408, 36 months,21.26,652.65,C,A4,10+ years,RENT,64468.55,Source Verified,In Grace Period,n,debt_consolidation
sdv-id-RQPnBA,18405.0,5685.0,14306.431825682297, 36 months,20.07,471.39,E,A4,10+ years,MORTGAGE,72338.88,Source Verified,Charged Off,n,credit_card
sdv-id-eeZFPt,25326.0,21979.0,23614.076308958574, 60 months,11.16,154.73,E,A3,10+ years,RENT,84315.88,Verified,Fully Paid,n,debt_consolidation
sdv-id-qSkQYb,6756.0,9093.0,9716.521915686117, 36 months,27.68,697.8,B,D3,9 years,MORTGAGE,131256.13,Verified,Fully Paid,y,debt_consolidation
sdv-id-DoJJbr,9143.0,1000.0,21484.025583729523, 60 months,27.68,329.67,A,B1,3 years,MORTGAGE,55067.5,Source Verified,Current,y,credit_card
sdv-id-hqGmiU,10449.0,6283.0,10699.6730076962, 36 months,22.48,1138.85,F,B1,4 years,MORTGAGE,57288.45,Not Verified,Charged Off,n,debt_consolidation
sdv-id-caCVNR,16097.0,22681.0,8824.44284342915, 36 months,19.78,288.31,B,D2,2 years,RENT,54047.8,Verified,Charged Off,n,debt_consolidation
sdv-id-LDnonZ,4576.0,15111.0,22533.287239883884, 36 months,18.09,229.42,D,B2,10+ years,OWN,85898.24,Verified,Current,y,debt_consolidation
sdv-id-yZyMZa,8695.0,18182.0,7939.568547472537, 60 months,30.99,31.75,C,A2,2 years,NONE,80272.52,Source Verified,Charged Off,n,debt_consolidation
sdv-id-ZpBgMN,1000.0,16028.0,5125.740702042879, 36 months,16.94,345.86,C,F1,2 years,NONE,258064.41,Source Verified,Fully Paid,n,debt_consolidation
sdv-id-CvXOnm,19802.0,23441.0,13229.924722667154, 36 months,20.5,295.67,C,B4,10+ years,OWN,70451.22,Source Verified,Fully Paid,n,home_improvement
sdv-id-dRdray,8719.0,2899.0,14297.116610024546, 36 months,19.79,449.05,D,E4,10+ years,MORTGAGE,83770.44,Not Verified,Charged Off,n,other
sdv-id-DpsCEB,7310.0,26805.0,12170.31685780293, 36 months,9.78,695.7,B,F1,7 years,RENT,37138.79,Not Verified,Charged Off,n,other
sdv-id-LwGRLx,8590.0,28843.0,12007.283306725565, 36 months,13.59,191.46,E,F4,2 years,MORTGAGE,74259.08,Not Verified,Charged Off,n,debt_consolidation
sdv-id-HqtjOU,26570.0,6537.0,17380.679155324746, 36 months,9.84,1260.2,F,B5,9 years,NONE,35895.67,Not Verified,Fully Paid,n,debt_consolidation
sdv-id-ybBgsA,4177.0,32767.0,10263.806241012782, 60 months,18.22,215.88,B,E3,8 years,OWN,50444.52,Not Verified,Fully Paid,n,debt_consolidation
sdv-id-FZBOQy,17223.0,23573.0,28120.750866009483, 60 months,9.7,141.11,B,C5,8 years,OWN,11433.47,Not Verified,Late (31-120 days),n,credit_card
sdv-id-TDhNcp,18902.0,30440.0,40000.0, 60 months,16.23,275.79,B,C5,2 years,RENT,29205.79,Verified,Charged Off,n,small_business
sdv-id-sHsgUA,7203.0,14239.0,16338.935636513812, 60 months,19.27,632.3,A,B5,8 years,MORTGAGE,66971.53,Verified,Charged Off,n,small_business
sdv-id-CFJVJX,16454.0,17177.0,28623.79345540557, 36 months,18.82,969.76,B,A1,5 years,MORTGAGE,77983.03,Verified,Charged Off,n,debt_consolidation
sdv-id-SjvAUp,5195.0,5065.0,33628.1133272517, 36 months,15.41,445.06,B,B4,10+ years,MORTGAGE,74574.88,Source Verified,Fully Paid,n,debt_consolidation
sdv-id-nhTaQO,7604.0,18619.0,34094.6627078395, 36 months,18.28,196.78,E,C3,10+ years,MORTGAGE,96756.45,Source Verified,Current,y,debt_consolidation
sdv-id-BlXcXX,19631.0,14081.0,40000.0, 60 months,18.79,967.52,B,C5,10+ years,OWN,99857.97,Verified,Charged Off,n,debt_consolidation
sdv-id-hPcOQo,19766.0,3076.0,12992.213788272718, 36 months,27.04,637.23,D,B1,2 years,MORTGAGE,37530.39,Not Verified,Fully Paid,n,home_improvement
sdv-id-bMmLNP,14864.0,27595.0,12984.034132144643, 60 months,17.83,582.4,B,B5,10+ years,RENT,56253.74,Source Verified,Does not meet the credit policy. Status:Charged Off,n,small_business
sdv-id-YBhPgw,5213.0,17509.0,3545.722436149502, 36 months,26.63,182.42,C,A4,10+ years,MORTGAGE,77888.85,Verified,Fully Paid,n,debt_consolidation
sdv-id-qdzpzz,27074.0,6007.0,2487.5028529264882, 36 months,12.29,121.44,E,D1,3 years,RENT,306299.2,Source Verified,Charged Off,n,debt_consolidation
sdv-id-HdZNwA,2771.0,31392.0,8778.37140126717, 36 months,14.9,411.28,D,C4,4 years,OWN,43057.31,Source Verified,Fully Paid,n,debt_consolidation
sdv-id-RLOsNk,2091.0,33851.0,8310.94352834985, 36 months,28.67,204.33,D,C3,9 years,MORTGAGE,28460.78,Verified,Current,n,debt_consolidation
sdv-id-GcStDe,18101.0,1000.0,0.0, 60 months,12.99,80.57,A,B2,3 years,RENT,41779.79,Not Verified,Fully Paid,n,house
sdv-id-cPsGbQ,1000.0,9988.0,5582.318215861253, 36 months,8.0,100.47,A,B4,1 year,RENT,58119.11,Source Verified,Fully Paid,n,debt_consolidation
sdv-id-sbqwus,20804.0,22883.0,18339.712248161057, 36 months,18.53,218.15,A,F1,8 years,RENT,60358.71,Not Verified,Current,n,debt_consolidation
sdv-id-fFoSuv,7468.0,17037.0,19058.288368427777, 36 months,20.74,489.43,E,G1,10+ years,MORTGAGE,129215.01,Verified,Fully Paid,n,debt_consolidation
sdv-id-lYuMPL,17635.0,14335.0,24785.61826854671, 36 months,19.25,74.26,G,B1,2 years,OWN,139543.89,Verified,Charged Off,n,major_purchase
sdv-id-yUQSqP,40000.0,9458.0,13967.323298732848, 36 months,14.68,741.0,C,C1,5 years,RENT,136458.32,Source Verified,Charged Off,n,credit_card
sdv-id-VGZOMI,2176.0,1974.0,15949.805716603943, 36 months,20.73,349.13,E,E3,6 years,MORTGAGE,93035.27,Not Verified,Charged Off,n,credit_card
sdv-id-ijwzSK,18709.0,1000.0,2517.5563377446542, 60 months,8.77,414.04,D,B5,10+ years,MORTGAGE,81821.86,Not Verified,Late (31-120 days),n,debt_consolidation
sdv-id-aifhYf,5850.0,18953.0,37603.56799651787, 60 months,12.78,549.2,C,B2,2 years,NONE,102441.88,Verified,Fully Paid,n,home_improvement
sdv-id-lIgNPO,5245.0,22718.0,14621.755661365509, 36 months,8.54,321.96,E,B5,10+ years,RENT,79031.68,Not Verified,Charged Off,n,credit_card
sdv-id-whQjhD,18582.0,26676.0,9622.962833673255, 36 months,12.55,208.44,A,C5,1 year,OWN,36777.74,Not Verified,Fully Paid,n,debt_consolidation
sdv-id-mrpZas,22022.0,1000.0,13358.646572365153, 60 months,9.83,133.8,D,D1,4 years,MORTGAGE,31121.51,Not Verified,Fully Paid,n,debt_consolidation
sdv-id-FNlNAo,19579.0,23406.0,40000.0, 36 months,27.93,479.59,B,D1,10+ years,OWN,73052.71,Not Verified,Current,n,vacation
sdv-id-SqhYQJ,18903.0,1000.0,9977.505174666394, 36 months,30.99,339.66,D,D1,10+ years,MORTGAGE,35923.11,Verified,Late (31-120 days),n,debt_consolidation
sdv-id-WmZJgM,2274.0,4060.0,28887.821802899693, 60 months,21.68,563.46,D,B4,2 years,MORTGAGE,161166.03,Verified,Charged Off,n,debt_consolidation
sdv-id-sTOwvb,2647.0,22213.0,9427.450613313342, 36 months,11.08,48.61,D,B5,2 years,MORTGAGE,245387.82,Verified,Current,n,debt_consolidation
sdv-id-flrlno,3753.0,16908.0,17430.914122092687, 36 months,12.35,345.1,D,E3,10+ years,OWN,68283.69,Verified,Current,n,debt_consolidation
sdv-id-qSTWeG,4258.0,2938.0,8417.315455682636, 36 months,13.28,22.24,A,C2,10+ years,RENT,70726.61,Verified,Current,y,small_business
sdv-id-mwVMIr,26726.0,2346.0,3113.818509662694, 36 months,23.9,718.02,B,G4,1 year,OWN,16435.44,Source Verified,Current,n,credit_card
sdv-id-OEujpc,14456.0,19436.0,16713.699313353467, 36 months,8.85,77.81,E,B3,2 years,MORTGAGE,21101.51,Verified,Fully Paid,n,credit_card
sdv-id-WjHlYe,33730.0,30978.0,17030.585563047105, 36 months,21.38,1168.06,D,C2,10+ years,RENT,48537.38,Verified,Charged Off,n,debt_consolidation
sdv-id-SWeMoS,6485.0,24877.0,11058.770084180616, 36 months,17.27,375.12,B,A4,7 years,MORTGAGE,54653.46,Not Verified,Current,n,debt_consolidation
sdv-id-RIanAX,1369.0,7094.0,0.0, 60 months,13.46,743.78,E,E4,9 years,RENT,52470.57,Verified,Late (31-120 days),n,debt_consolidation
sdv-id-LmfkPb,9522.0,30527.0,14583.09821268266, 36 months,20.38,521.2,D,A1,10+ years,OWN,130146.4,Verified,Current,n,debt_consolidation
sdv-id-IoHtvi,3820.0,3764.0,34621.5443834859, 36 months,20.91,406.36,B,A4,6 years,MORTGAGE,103245.02,Not Verified,Current,n,home_improvement
sdv-id-uhKFai,17109.0,1000.0,29142.18674225022, 36 months,10.54,22.24,D,C5,2 years,NONE,78802.62,Not Verified,Fully Paid,n,small_business
sdv-id-fzSiJO,6560.0,13735.0,33032.92183085912, 36 months,7.99,1066.29,F,C5,10+ years,MORTGAGE,143561.91,Source Verified,Fully Paid,n,car
sdv-id-VVFLWv,18905.0,13397.0,10167.965024885902, 36 months,11.27,410.26,F,C5,2 years,RENT,195254.05,Verified,Fully Paid,n,other
sdv-id-JCZiOF,7138.0,23081.0,12447.991606377114, 60 months,9.34,792.72,C,B4,4 years,OWN,38253.53,Source Verified,Charged Off,n,debt_consolidation
sdv-id-CwyRml,11651.0,21389.0,20136.311991054557, 36 months,20.59,232.35,C,D3,2 years,MORTGAGE,24051.14,Verified,Fully Paid,n,debt_consolidation
sdv-id-wSkUfQ,9096.0,13132.0,13367.330463066237, 60 months,27.52,456.36,C,B5,2 years,ANY,74330.14,Verified,Current,n,debt_consolidation
sdv-id-tORyeo,8651.0,26236.0,2509.9886925419105, 36 months,17.52,317.67,C,B2,10+ years,MORTGAGE,11433.47,Verified,Current,n,debt_consolidation
sdv-id-aINbXk,16459.0,1000.0,31895.625683776994, 60 months,16.29,915.88,B,F2,2 years,OWN,318592.16,Source Verified,Charged Off,n,small_business
sdv-id-UTFiyH,13871.0,14092.0,25401.044346094135, 36 months,18.62,235.95,G,C3,1 year,OWN,11709.91,Verified,Charged Off,n,major_purchase
sdv-id-PSwgfK,6137.0,15354.0,14188.26298399667, 36 months,13.96,288.33,A,D1,10+ years,RENT,48498.96,Verified,Current,n,debt_consolidation
sdv-id-CMzXOb,31316.0,17314.0,4121.566066788798, 60 months,30.99,393.27,C,G3,9 years,RENT,122674.17,Verified,Charged Off,n,medical
sdv-id-EizzwV,12107.0,28294.0,8881.822462978154, 36 months,15.91,457.54,E,A1,2 years,NONE,82406.95,Not Verified,Charged Off,n,other
sdv-id-ZxXLVQ,13918.0,27552.0,26376.40142832551, 36 months,11.91,414.6,C,B1,8 years,MORTGAGE,25257.96,Not Verified,Fully Paid,n,debt_consolidation
sdv-id-gpBYql,21609.0,21744.0,13844.103382105966, 36 months,14.23,73.65,E,C4,10+ years,MORTGAGE,52284.86,Verified,Current,y,credit_card
sdv-id-FiZfNe,15563.0,6741.0,8163.696817190643, 36 months,12.43,181.97,C,G1,1 year,OWN,46255.24,Not Verified,Fully Paid,n,debt_consolidation
sdv-id-AqGGHC,18037.0,18521.0,19201.832096394246, 36 months,20.96,91.42,C,F1,10+ years,MORTGAGE,81520.37,Not Verified,Late (31-120 days),n,debt_consolidation
sdv-id-Tdvfsy,16449.0,15330.0,8233.08173615482, 60 months,21.27,272.97,B,F2,2 years,MORTGAGE,88258.45,Source Verified,Fully Paid,n,vacation
sdv-id-PHFHer,18604.0,7015.0,12897.726911360744, 36 months,13.03,408.72,A,A2,10+ years,MORTGAGE,108228.98,Source Verified,Current,n,debt_consolidation
sdv-id-dMqNBp,31291.0,15541.0,22334.236657116006, 36 months,10.02,559.0,C,C1,8 years,ANY,53983.08,Not Verified,Charged Off,n,home_improvement
sdv-id-ZFQZjG,20926.0,6640.0,31991.56111063363, 36 months,18.86,195.68,F,E5,10+ years,MORTGAGE,90405.19,Source Verified,Current,n,debt_consolidation
sdv-id-qiJZcY,28444.0,9950.0,6018.581070905734, 60 months,18.17,404.37,D,A3,10+ years,MORTGAGE,17479.98,Not Verified,Fully Paid,n,home_improvement
sdv-id-cQwlDf,16956.0,1000.0,32433.44944255919, 36 months,18.7,214.24,B,F3,10+ years,OWN,130429.13,Source Verified,Charged Off,n,debt_consolidation
sdv-id-agQXMO,15193.0,17143.0,27697.248024219938, 36 months,30.99,200.86,F,C2,9 years,OWN,219098.5,Source Verified,Charged Off,n,other
sdv-id-QTBIDr,21752.0,8014.0,7366.005297330065, 36 months,21.13,582.88,C,G2,< 1 year,RENT,57242.37,Source Verified,Fully Paid,n,credit_card
sdv-id-hwoGNr,19417.0,29779.0,17017.447463986544, 36 months,15.78,1029.94,B,D1,1 year,MORTGAGE,28735.56,Source Verified,Does not meet the credit policy. Status:Fully Paid,n,car
sdv-id-fBARFR,21393.0,24316.0,16416.30661785518, 36 months,10.66,518.1,B,B4,4 years,MORTGAGE,58753.91,Source Verified,Current,n,debt_consolidation
sdv-id-PUqfHu,12457.0,10717.0,27718.09884403107, 60 months,11.78,188.2,C,C3,5 years,OWN,11433.47,Verified,Charged Off,n,credit_card
sdv-id-ouNtmo,10889.0,17028.0,18169.19202287689, 60 months,12.51,104.77,B,A4,2 years,MORTGAGE,22634.92,Not Verified,Late (16-30 days),n,other
sdv-id-oxrpIN,16898.0,17719.0,14191.530873684282, 60 months,21.12,282.6,B,A4,2 years,RENT,48872.11,Not Verified,Fully Paid,n,major_purchase
sdv-id-LHRBlv,20267.0,16288.0,21993.902440232792, 36 months,16.05,351.98,A,E5,3 years,RENT,95980.4,Source Verified,Fully Paid,n,debt_consolidation
sdv-id-OREDcz,19309.0,14410.0,13537.295473521985, 36 months,22.95,52.78,D,B1,2 years,OWN,39193.57,Source Verified,Does not meet the credit policy. Status:Charged Off,n,home_improvement
sdv-id-abHfZD,4514.0,30876.0,209.02212055449672, 60 months,16.12,531.76,E,D3,4 years,OWN,30466.04,Verified,Late (31-120 days),n,debt_consolidation
sdv-id-WiUfWG,14206.0,1000.0,7945.906958275257, 36 months,25.12,936.65,D,A4,1 year,MORTGAGE,11433.47,Not Verified,Fully Paid,n,credit_card
sdv-id-jOxPLA,5615.0,17925.0,14155.193308421658, 36 months,13.73,516.36,C,C2,10+ years,MORTGAGE,168774.07,Verified,Late (31-120 days),n,debt_consolidation
sdv-id-jvtIIv,1000.0,19097.0,40000.0, 36 months,10.37,22.24,B,A2,2 years,MORTGAGE,74450.39,Verified,Current,n,debt_consolidation
sdv-id-foJRRH,10177.0,4944.0,13087.8384576875, 36 months,14.12,290.74,E,B2,1 year,RENT,41504.45,Source Verified,Current,n,credit_card
sdv-id-hJvUyu,8654.0,22609.0,15226.884256400203, 36 months,18.32,82.08,C,E4,1 year,OWN,97088.59,Source Verified,Charged Off,n,debt_consolidation
sdv-id-XeHNWV,14738.0,22917.0,8034.154130828094, 36 months,12.33,64.42,D,B1,1 year,RENT,49248.62,Verified,Fully Paid,n,debt_consolidation
sdv-id-IpIGNM,6600.0,9281.0,12149.070965578825, 60 months,15.96,649.16,C,D3,8 years,MORTGAGE,93001.3,Not Verified,Fully Paid,n,debt_consolidation
sdv-id-wEglLB,2525.0,18471.0,12551.440988211434, 60 months,9.66,298.72,B,F5,10+ years,RENT,12433.23,Not Verified,Charged Off,n,debt_consolidation
sdv-id-kbqDwl,16433.0,13999.0,14003.589573842717, 36 months,19.97,349.47,B,D3,2 years,RENT,73976.18,Not Verified,Fully Paid,n,debt_consolidation
sdv-id-xiNLmT,18099.0,8125.0,6699.708376966227, 60 months,19.85,288.69,F,C3,5 years,OWN,61407.69,Not Verified,Fully Paid,n,medical
sdv-id-xiBdjp,18209.0,12333.0,40000.0, 60 months,13.3,207.32,B,B1,6 years,MORTGAGE,51479.83,Source Verified,Current,n,debt_consolidation
sdv-id-IOPAMY,7124.0,14241.0,14943.19950642547, 60 months,9.35,244.12,A,E3,10+ years,MORTGAGE,97913.99,Not Verified,Fully Paid,n,home_improvement
sdv-id-QStQya,19237.0,4779.0,2980.094754893263, 60 months,14.49,882.46,A,B3,3 years,ANY,54267.2,Verified,Late (31-120 days),y,other
sdv-id-FEQtlU,18232.0,2120.0,167.07897310624412, 36 months,15.73,753.87,A,C2,1 year,OWN,55765.87,Verified,Charged Off,n,small_business
sdv-id-NDjSoO,5205.0,2372.0,23050.55664551669, 36 months,17.37,398.89,A,C5,2 years,MORTGAGE,41866.57,Source Verified,Current,y,debt_consolidation
sdv-id-MEHimG,26249.0,8964.0,13385.592166006083, 60 months,17.92,231.28,C,B4,3 years,RENT,57869.65,Source Verified,Fully Paid,n,credit_card
sdv-id-IUWaWb,3304.0,13914.0,4672.07019730268, 60 months,21.15,229.09,C,B5,6 years,RENT,62707.45,Source Verified,Fully Paid,n,home_improvement
sdv-id-IqfZgH,3610.0,21878.0,2157.629680198796, 60 months,18.07,307.32,E,D2,8 years,RENT,116950.0,Not Verified,Charged Off,n,debt_consolidation
sdv-id-JWyGqk,14508.0,18588.0,12902.421491205841, 36 months,19.08,572.83,C,A4,6 years,MORTGAGE,109262.47,Source Verified,Current,n,car
sdv-id-GuCjfm,20772.0,13880.0,16152.83892912638, 36 months,30.99,500.52,C,C3,10+ years,RENT,67137.2,Not Verified,Late (31-120 days),n,other
sdv-id-FmELuh,14384.0,7639.0,8399.09924320687, 60 months,18.91,273.82,B,C5,2 years,RENT,67850.39,Source Verified,Current,n,debt_consolidation
